value,adsh,fp,fy
114169000,0000929940-19-000038,FY,2019
140423000,0000929940-19-000038,FY,2019
147984000,0000929940-19-000038,FY,2019
195769000,0000929940-19-000038,FY,2019
0,0001625376-19-000017,FY,2018
0,0001625376-19-000017,FY,2018
378206000,0001193125-19-243868,FY,2019
276928000,0001193125-19-243868,FY,2019
347302000,0001193125-19-243868,FY,2019
2220300000,0001558370-19-008467,FY,2019
643100000,0001558370-19-008467,FY,2019
2602500000,0001558370-19-008467,FY,2019
653100000,0001558370-19-008467,FY,2019
649000000,0001558370-19-008467,FY,2019
657300000,0001558370-19-008467,FY,2019
641100000,0001558370-19-008467,FY,2019
2578000000,0001558370-19-008467,FY,2019
639100000,0001558370-19-008467,FY,2019
647200000,0001558370-19-008467,FY,2019
650600000,0001558370-19-008467,FY,2019
2220300000,0001558370-19-008465,FY,2019
643100000,0001558370-19-008465,FY,2019
2602500000,0001558370-19-008465,FY,2019
653100000,0001558370-19-008465,FY,2019
649000000,0001558370-19-008465,FY,2019
657300000,0001558370-19-008465,FY,2019
641100000,0001558370-19-008465,FY,2019
2578000000,0001558370-19-008465,FY,2019
639100000,0001558370-19-008465,FY,2019
647200000,0001558370-19-008465,FY,2019
650600000,0001558370-19-008465,FY,2019
258000,0001262463-19-000302,FY,2018
9101000000,0001748790-19-000003,FY,2019
2251100000,0001748790-19-000003,FY,2019
2251100000,0001748790-19-000003,FY,2019
2364100000,0001748790-19-000003,FY,2019
2452800000,0001748790-19-000003,FY,2019
9319100000,0001748790-19-000003,FY,2019
2262400000,0001748790-19-000003,FY,2019
2287200000,0001748790-19-000003,FY,2019
2312300000,0001748790-19-000003,FY,2019
2596300000,0001748790-19-000003,FY,2019
9458200000,0001748790-19-000003,FY,2019
1815978,0001091818-19-000215,FY,2018
NULL,0001091818-19-000215,FY,2018
1197509000,0000866273-19-000094,FY,2019
269910000,0000866273-19-000094,FY,2019
282911000,0000866273-19-000094,FY,2019
245645000,0000866273-19-000094,FY,2019
293087000,0000866273-19-000094,FY,2019
1091553000,0000866273-19-000094,FY,2019
318511000,0000866273-19-000094,FY,2019
340568000,0000866273-19-000094,FY,2019
358887000,0000866273-19-000094,FY,2019
398714000,0000866273-19-000094,FY,2019
1416680000,0000866273-19-000094,FY,2019
647270000,0001564590-19-033600,FY,2019
678912000,0001564590-19-033600,FY,2019
708804000,0001564590-19-033600,FY,2019
NULL,0001553350-19-000895,FY,2018
NULL,0001553350-19-000895,FY,2018
NULL,0001607062-19-000350,FY,2019
NULL,0001607062-19-000350,FY,2019
71579000,0001144204-19-043033,FY,2019
74753000,0001144204-19-043033,FY,2019
57434000,0001144204-19-043035,FY,2019
60205000,0001144204-19-043035,FY,2019
57099000,0001144204-19-043034,FY,2019
59881000,0001144204-19-043034,FY,2019
17650,0001678848-19-000013,FY,2019
0,0001678848-19-000013,FY,2019
27555845,0001144204-19-041558,FY,2018
8243566,0001144204-19-041558,FY,2018
444000,0001144204-19-041659,FY,2019
2018000,0001144204-19-041659,FY,2019
41018000,0001690769-19-000059,FY,2018
82200000,0001690769-19-000059,FY,2018
139804000,0001690769-19-000059,FY,2018
204955000,0001690769-19-000059,FY,2018
467977000,0001690769-19-000059,FY,2018
243200000,0001633978-19-000069,FY,2019
404600000,0001633978-19-000069,FY,2019
298800000,0001633978-19-000069,FY,2019
301100000,0001633978-19-000069,FY,2019
354100000,0001633978-19-000069,FY,2019
373700000,0001633978-19-000069,FY,2019
432900000,0001633978-19-000069,FY,2019
404600000,0001633978-19-000069,FY,2019
9683000,0000898770-19-000048,FY,2019
11119000,0000898770-19-000048,FY,2019
9427000,0000898770-19-000048,FY,2019
9912000,0000898770-19-000048,FY,2019
10293000,0000898770-19-000048,FY,2019
12394000,0000898770-19-000048,FY,2019
9451000,0000898770-19-000048,FY,2019
12174000,0000898770-19-000048,FY,2019
23249000,0001193125-19-232454,FY,2019
283000,0001193125-19-232454,FY,2019
358000,0001193125-19-232454,FY,2019
433000,0001193125-19-232454,FY,2019
548000,0001193125-19-232454,FY,2019
1622000,0001193125-19-232454,FY,2019
488000,0001193125-19-232454,FY,2019
2049000,0001193125-19-232454,FY,2019
1249000,0001193125-19-232454,FY,2019
1129000,0001193125-19-232454,FY,2019
4915000,0001193125-19-232454,FY,2019
54000,0001144204-19-042110,FY,2019
3456000,0001144204-19-042110,FY,2019
2075400000,0001596783-19-000183,FY,2019
543900000,0001596783-19-000183,FY,2019
606300000,0001596783-19-000183,FY,2019
627900000,0001596783-19-000183,FY,2019
685300000,0001596783-19-000183,FY,2019
2463400000,0001596783-19-000183,FY,2019
551800000,0001596783-19-000183,FY,2019
623000000,0001596783-19-000183,FY,2019
617500000,0001596783-19-000183,FY,2019
725700000,0001596783-19-000183,FY,2019
2518000000,0001596783-19-000183,FY,2019
1786103000,0000014195-19-000027,FY,2019
1881294000,0000014195-19-000027,FY,2019
1836605000,0000014195-19-000027,FY,2019
1907218000,0000812011-19-000077,FY,2019
220850000,0000812011-19-000077,FY,2019
734575000,0000812011-19-000077,FY,2019
844491000,0000812011-19-000077,FY,2019
211637000,0000812011-19-000077,FY,2019
2011553000,0000812011-19-000077,FY,2019
220004000,0000812011-19-000077,FY,2019
849578000,0000812011-19-000077,FY,2019
957987000,0000812011-19-000077,FY,2019
244006000,0000812011-19-000077,FY,2019
2271575000,0000812011-19-000077,FY,2019
15082000,0001564590-19-035765,FY,2019
14084000,0001564590-19-035765,FY,2019
15541000,0001564590-19-035765,FY,2019
6473000,0001564590-19-035765,FY,2019
2091000,0001564590-19-035765,FY,2019
-448000,0001564590-19-035765,FY,2019
2523000,0001564590-19-035765,FY,2019
1769000,0001564590-19-035765,FY,2019
51180000,0001564590-19-035765,FY,2019
5935000,0001564590-19-035765,FY,2019
4927000,0001564590-19-035765,FY,2019
5837000000,0000016732-19-000070,FY,2019
1638000000,0000016732-19-000070,FY,2019
1614000000,0000016732-19-000070,FY,2019
1618000000,0000016732-19-000070,FY,2019
1745000000,0000016732-19-000070,FY,2019
6615000000,0000016732-19-000070,FY,2019
2202000000,0000016732-19-000070,FY,2019
2172000000,0000016732-19-000070,FY,2019
1953000000,0000016732-19-000070,FY,2019
1780000000,0000016732-19-000070,FY,2019
8107000000,0000016732-19-000070,FY,2019
5745,0001391609-19-000152,FY,2019
5269,0001391609-19-000152,FY,2019
36212000000,0000021344-19-000039,FY,2018
34300000000,0000021344-19-000039,FY,2018
41863000000,0000021344-19-000039,FY,2018
28018441,0001144204-19-045246,FY,2019
28793922,0001144204-19-045246,FY,2019
2930758,0001017386-19-000258,FY,2019
1009394,0001017386-19-000258,FY,2019
135786000,0000023197-19-000075,FY,2019
139028000,0000023197-19-000075,FY,2019
127792000,0000023197-19-000075,FY,2019
147762000,0000023197-19-000075,FY,2019
550368000,0000023197-19-000075,FY,2019
121569000,0000023197-19-000075,FY,2019
133731000,0000023197-19-000075,FY,2019
147854000,0000023197-19-000075,FY,2019
167435000,0000023197-19-000075,FY,2019
570589000,0000023197-19-000075,FY,2019
160844000,0000023197-19-000075,FY,2019
164133000,0000023197-19-000075,FY,2019
170448000,0000023197-19-000075,FY,2019
176372000,0000023197-19-000075,FY,2019
671797000,0000023197-19-000075,FY,2019
2432000,0001698530-19-000136,FY,2018
2695000,0001698530-19-000136,FY,2018
2497000,0001698530-19-000136,FY,2018
2095000,0001698530-19-000136,FY,2018
9719000,0001698530-19-000136,FY,2018
36000,0001698530-19-000136,FY,2018
19000,0001698530-19-000136,FY,2018
57000,0001698530-19-000136,FY,2018
6000,0001698530-19-000136,FY,2018
118000,0001698530-19-000136,FY,2018
4118000,0001654954-19-010687,FY,2019
9317000,0001654954-19-010687,FY,2019
91746000,0001144204-19-044601,FY,2019
102932000,0001144204-19-044601,FY,2019
86000,0001564590-19-035928,FY,2019
127000,0001564590-19-035928,FY,2019
33512030,0001144204-19-046264,FY,2019
7897000,0001144204-19-046264,FY,2019
33759953,0001144204-19-046264,FY,2019
8719000,0001144204-19-046264,FY,2019
8467000,0001144204-19-046264,FY,2019
8677000,0001144204-19-046264,FY,2019
7269000,0001144204-19-046264,FY,2019
31381521,0001144204-19-046264,FY,2019
8107000,0001144204-19-046264,FY,2019
8316000,0001144204-19-046264,FY,2019
7690000,0001144204-19-046264,FY,2019
2371900000,0000029644-19-000023,FY,2019
644800000,0000029644-19-000023,FY,2019
664700000,0000029644-19-000023,FY,2019
700000000,0000029644-19-000023,FY,2019
724700000,0000029644-19-000023,FY,2019
2734200000,0000029644-19-000023,FY,2019
701400000,0000029644-19-000023,FY,2019
703700000,0000029644-19-000023,FY,2019
712800000,0000029644-19-000023,FY,2019
726900000,0000029644-19-000023,FY,2019
2844900000,0000029644-19-000023,FY,2019
498481,0001607062-19-000377,FY,2019
306529,0001607062-19-000377,FY,2019
2058368000,0000055242-19-000019,FY,2019
542454000,0000055242-19-000019,FY,2019
571345000,0000055242-19-000019,FY,2019
607936000,0000055242-19-000019,FY,2019
646119000,0000055242-19-000019,FY,2019
2367853000,0000055242-19-000019,FY,2019
586687000,0000055242-19-000019,FY,2019
587394000,0000055242-19-000019,FY,2019
597204000,0000055242-19-000019,FY,2019
603949000,0000055242-19-000019,FY,2019
2375234000,0000055242-19-000019,FY,2019
1500000000,0000021076-19-000012,FY,2019
1416000000,0000021076-19-000012,FY,2019
1517000000,0000021076-19-000012,FY,2019
1691000000,0000021076-19-000012,FY,2019
5761000000,0000021076-19-000012,FY,2019
5655000000,0000021076-19-000012,FY,2019
6124000000,0000021076-19-000012,FY,2019
5973000000,0000021076-19-000012,FY,2019
2524000000,0001193125-19-219463,FY,2019
2627000000,0001193125-19-219463,FY,2019
2457000000,0001193125-19-219463,FY,2019
2466000000,0001193125-19-219463,FY,2019
2058000000,0001193125-19-219463,FY,2019
2180000000,0001193125-19-219463,FY,2019
2093000000,0001193125-19-219463,FY,2019
2693000000,0001193125-19-219463,FY,2019
10074000000,0001193125-19-219463,FY,2019
9024000000,0001193125-19-219463,FY,2019
8139000000,0001193125-19-219463,FY,2019
2295615000,0000743316-19-000024,FY,2019
575676000,0000743316-19-000024,FY,2019
622637000,0000743316-19-000024,FY,2019
648599000,0000743316-19-000024,FY,2019
633154000,0000743316-19-000024,FY,2019
2480066000,0000743316-19-000024,FY,2019
638495000,0000743316-19-000024,FY,2019
576906000,0000743316-19-000024,FY,2019
542383000,0000743316-19-000024,FY,2019
556545000,0000743316-19-000024,FY,2019
2314329000,0000743316-19-000024,FY,2019
405127000,0001193125-19-225268,FY,2019
398951000,0001193125-19-225268,FY,2019
403080000,0001193125-19-225268,FY,2019
377177000,0001193125-19-225268,FY,2019
345327000,0001193125-19-225268,FY,2019
332213000,0001193125-19-225268,FY,2019
337072000,0001193125-19-225268,FY,2019
357313000,0001193125-19-225268,FY,2019
1584335000,0001193125-19-225268,FY,2019
1371925000,0001193125-19-225268,FY,2019
1420490000,0001193125-19-225268,FY,2019
0,0001654954-19-009752,FY,2019
0,0001654954-19-009752,FY,2019
0,0001673504-19-000010,FY,2019
10500,0001673504-19-000010,FY,2019
675352000,0001469372-19-000015,FY,2019
157456000,0001469372-19-000015,FY,2019
181222000,0001469372-19-000015,FY,2019
186568000,0001469372-19-000015,FY,2019
171405000,0001469372-19-000015,FY,2019
696651000,0001469372-19-000015,FY,2019
164464000,0001469372-19-000015,FY,2019
192914000,0001469372-19-000015,FY,2019
195105000,0001469372-19-000015,FY,2019
168362000,0001469372-19-000015,FY,2019
720845000,0001469372-19-000015,FY,2019
493184000,0001049521-19-000033,FY,2019
106069000,0001049521-19-000033,FY,2019
117912000,0001049521-19-000033,FY,2019
116336000,0001049521-19-000033,FY,2019
152867000,0001049521-19-000033,FY,2019
408588000,0001049521-19-000033,FY,2019
654744000,0001049521-19-000033,FY,2019
144056000,0001049521-19-000033,FY,2019
159089000,0001049521-19-000033,FY,2019
174636000,0001049521-19-000033,FY,2019
176963000,0001049521-19-000033,FY,2019
169210,0001731122-19-000488,FY,2018
39162,0001731122-19-000488,FY,2018
41811,0001731122-19-000488,FY,2018
117772,0001731122-19-000488,FY,2018
367955,0001731122-19-000488,FY,2018
116203,0001731122-19-000488,FY,2018
17163,0001731122-19-000488,FY,2018
34149,0001731122-19-000488,FY,2018
82167,0001731122-19-000488,FY,2018
249682,0001731122-19-000488,FY,2018
NULL,0001558891-19-000064,FY,2018
NULL,0001558891-19-000064,FY,2018
3093743000,0001574815-19-000114,FY,2018
757700000,0001574815-19-000114,FY,2018
886375000,0001574815-19-000114,FY,2018
881012000,0001574815-19-000114,FY,2018
840881000,0001574815-19-000114,FY,2018
3365968000,0001574815-19-000114,FY,2018
834202000,0001574815-19-000114,FY,2018
998461000,0001574815-19-000114,FY,2018
990264000,0001574815-19-000114,FY,2018
859521000,0001574815-19-000114,FY,2018
3682448000,0001574815-19-000114,FY,2018
26830,0001262463-19-000256,FY,2018
252135,0001262463-19-000256,FY,2018
9921000000,0001564590-19-031285,FY,2019
2188000000,0001564590-19-031285,FY,2019
3108000000,0001564590-19-031285,FY,2019
2463000000,0001564590-19-031285,FY,2019
2394000000,0001564590-19-031285,FY,2019
10153000000,0001564590-19-031285,FY,2019
2541000000,0001564590-19-031285,FY,2019
3583000000,0001564590-19-031285,FY,2019
2752000000,0001564590-19-031285,FY,2019
2513000000,0001564590-19-031285,FY,2019
11389000000,0001564590-19-031285,FY,2019
2135405000,0001262976-19-000053,FY,2019
563284000,0001262976-19-000053,FY,2019
762054000,0001262976-19-000053,FY,2019
636069000,0001262976-19-000053,FY,2019
631134000,0001262976-19-000053,FY,2019
2592541000,0001262976-19-000053,FY,2019
588981000,0001262976-19-000053,FY,2019
825567000,0001262976-19-000053,FY,2019
661814000,0001262976-19-000053,FY,2019
674714000,0001262976-19-000053,FY,2019
2751076000,0001262976-19-000053,FY,2019
300010000,0001558370-19-007859,FY,2019
81500000,0001558370-19-007859,FY,2019
86004000,0001558370-19-007859,FY,2019
113407000,0001558370-19-007859,FY,2019
96616000,0001558370-19-007859,FY,2019
377527000,0001558370-19-007859,FY,2019
100504000,0001558370-19-007859,FY,2019
107204000,0001558370-19-007859,FY,2019
139552000,0001558370-19-007859,FY,2019
120373000,0001558370-19-007859,FY,2019
467633000,0001558370-19-007859,FY,2019
50304,0001445866-19-000932,FY,2018
41850,0001445866-19-000932,FY,2018
115781000,0001628280-19-009791,FY,2019
122461000,0001628280-19-009791,FY,2019
144909000,0001628280-19-009791,FY,2019
141076000,0001628280-19-009791,FY,2019
524227000,0001628280-19-009791,FY,2019
124668000,0001628280-19-009791,FY,2019
124557000,0001628280-19-009791,FY,2019
155554000,0001628280-19-009791,FY,2019
152780000,0001628280-19-009791,FY,2019
557559000,0001628280-19-009791,FY,2019
5013200000,0001558370-19-006119,FY,2018
1356300000,0001558370-19-006119,FY,2018
5474700000,0001558370-19-006119,FY,2018
1284900000,0001558370-19-006119,FY,2018
1360600000,0001558370-19-006119,FY,2018
1472900000,0001558370-19-006119,FY,2018
1381700000,0001558370-19-006119,FY,2018
5666600000,0001558370-19-006119,FY,2018
1397200000,0001558370-19-006119,FY,2018
1423200000,0001558370-19-006119,FY,2018
1464500000,0001558370-19-006119,FY,2018
933218,0001520138-19-000241,FY,2019
992670,0001520138-19-000241,FY,2019
1283751,0001213900-19-012471,FY,2018
1426969,0001213900-19-012471,FY,2018
12381741,0001062993-19-002868,FY,2019
10764904,0001062993-19-002868,FY,2019
NULL,0001477932-19-004105,FY,2018
NULL,0001477932-19-004105,FY,2018
4416705,0001144204-19-034727,FY,2018
14873189,0001144204-19-034727,FY,2018
3318237,0001144204-19-034727,FY,2018
3582816,0001144204-19-034727,FY,2018
3555431,0001144204-19-034727,FY,2018
4523930,0001144204-19-034727,FY,2018
17588040,0001144204-19-034727,FY,2018
4045996,0001144204-19-034727,FY,2018
4526252,0001144204-19-034727,FY,2018
4491862,0001144204-19-034727,FY,2018
NULL,0001477932-19-004048,FY,2018
NULL,0001477932-19-004048,FY,2018
NULL,0001165527-19-000121,FY,2019
NULL,0001165527-19-000121,FY,2019
0,0001308411-19-000026,FY,2018
0,0001308411-19-000026,FY,2018
772158,0001185185-19-000958,FY,2017
94338,0001185185-19-000958,FY,2017
0,0001393905-19-000220,FY,2018
0,0001393905-19-000220,FY,2018
NULL,0001640334-19-001306,FY,2018
NULL,0001640334-19-001306,FY,2018
2877100000000,0001193125-19-189414,FY,2019
3366500000000,0001193125-19-189414,FY,2019
3429800000000,0001193125-19-189414,FY,2019
2921063,0001144204-19-033853,FY,2018
494897,0001144204-19-033853,FY,2018
4187473000000,0001193125-19-191525,FY,2018
5194107000000,0001193125-19-191525,FY,2018
5408623000000,0001193125-19-191525,FY,2018
-390291,0001213900-19-012331,FY,2018
64133918,0001213900-19-012331,FY,2018
1474392,0001683168-19-002109,FY,2017
385628,0001683168-19-002109,FY,2017
2742102,0001580695-19-000263,FY,2018
6859767,0001580695-19-000263,FY,2018
14277000,0001213900-19-011948,FY,2019
19603000,0001213900-19-011948,FY,2019
19166000,0001213900-19-011948,FY,2019
707062,0001477932-19-003830,FY,2018
197554,0001477932-19-003830,FY,2018
107551012,0001213900-19-011825,FY,2018
96112706,0001213900-19-011825,FY,2018
NULL,0001213900-19-011850,FY,2018
NULL,0001213900-19-011850,FY,2018
2074950,0001213900-19-011905,FY,2018
1995000,0001213900-19-011905,FY,2018
19812199,0001062993-19-002758,FY,2018
32199528,0001062993-19-002758,FY,2018
933218,0001520138-19-000249,FY,2019
992670,0001520138-19-000249,FY,2019
1361188000,0000016160-19-000048,FY,2019
1502932000,0000016160-19-000048,FY,2019
1074513000,0000016160-19-000048,FY,2019
262845000,0000016160-19-000048,FY,2019
361172000,0000016160-19-000048,FY,2019
435820000,0000016160-19-000048,FY,2019
280572000,0000016160-19-000048,FY,2019
443095000,0000016160-19-000048,FY,2019
340583000,0000016160-19-000048,FY,2019
356040000,0000016160-19-000048,FY,2019
383993000,0000016160-19-000048,FY,2019
451381,0001079974-19-000376,FY,2018
377046,0001079974-19-000376,FY,2018
35191,0001753926-19-000116,FY,2018
563545,0001753926-19-000116,FY,2018
244,0001144204-19-035544,FY,2018
951,0001144204-19-035544,FY,2018
32424269,0001213900-19-013485,FY,2018
35551016,0001213900-19-013485,FY,2018
37569862,0001213900-19-013485,FY,2018
3153000000,0000723531-19-000032,FY,2019
792900000,0000723531-19-000032,FY,2019
803000000,0000723531-19-000032,FY,2019
936100000,0000723531-19-000032,FY,2019
845700000,0000723531-19-000032,FY,2019
3377700000,0000723531-19-000032,FY,2019
862800000,0000723531-19-000032,FY,2019
858900000,0000723531-19-000032,FY,2019
1070400000,0000723531-19-000032,FY,2019
980400000,0000723531-19-000032,FY,2019
3772500000,0000723531-19-000032,FY,2019
12831000,0001144204-19-036278,FY,2019
8927000,0001144204-19-036278,FY,2019
269788000,0001275187-19-000017,FY,2019
64909000,0001275187-19-000017,FY,2019
66617000,0001275187-19-000017,FY,2019
63936000,0001275187-19-000017,FY,2019
66193000,0001275187-19-000017,FY,2019
261655000,0001275187-19-000017,FY,2019
63943000,0001275187-19-000017,FY,2019
69985000,0001275187-19-000017,FY,2019
65524000,0001275187-19-000017,FY,2019
71182000,0001275187-19-000017,FY,2019
270634000,0001275187-19-000017,FY,2019
49604000000,0001751788-19-000025,FY,2018
3014108000,0001564590-19-027053,FY,2019
848237000,0001564590-19-027053,FY,2019
871266000,0001564590-19-027053,FY,2019
841657000,0001564590-19-027053,FY,2019
1020460000,0001564590-19-027053,FY,2019
3581620000,0001564590-19-027053,FY,2019
988107000,0001564590-19-027053,FY,2019
958226000,0001564590-19-027053,FY,2019
874381000,0001564590-19-027053,FY,2019
938842000,0001564590-19-027053,FY,2019
3759556000,0001564590-19-027053,FY,2019
54874000,0001104659-19-042643,FY,2018
568720000,0001104659-19-042643,FY,2018
1052641000,0001104659-19-042643,FY,2018
153100000,0001104659-19-042643,FY,2018
1741600000,0000866729-19-000009,FY,2019
1628400000,0000866729-19-000009,FY,2019
1653900000,0000866729-19-000009,FY,2019
NULL,0001640334-19-001485,FY,2019
2100,0001640334-19-001485,FY,2019
125980000000,0000732712-19-000054,FY,2018
29814000000,0000732712-19-000054,FY,2018
30548000000,0000732712-19-000054,FY,2018
31717000000,0000732712-19-000054,FY,2018
33955000000,0000732712-19-000054,FY,2018
126034000000,0000732712-19-000054,FY,2018
31772000000,0000732712-19-000054,FY,2018
32203000000,0000732712-19-000054,FY,2018
32607000000,0000732712-19-000054,FY,2018
34281000000,0000732712-19-000054,FY,2018
130863000000,0000732712-19-000054,FY,2018
2066737000,0000943819-19-000017,FY,2019
2340196000,0000943819-19-000017,FY,2019
2606572000,0000943819-19-000017,FY,2019
1187700000,0001164863-19-000035,FY,2018
295800000,0001164863-19-000035,FY,2018
307600000,0001164863-19-000035,FY,2018
343700000,0001164863-19-000035,FY,2018
362500000,0001164863-19-000035,FY,2018
1309600000,0001164863-19-000035,FY,2018
368800000,0001164863-19-000035,FY,2018
393600000,0001164863-19-000035,FY,2018
388200000,0001164863-19-000035,FY,2018
381400000,0001164863-19-000035,FY,2018
1532000000,0001164863-19-000035,FY,2018
10771000000,0001193125-19-212028,FY,2019
11184000000,0001193125-19-212028,FY,2019
10390000000,0001193125-19-212028,FY,2019
164403938,0001144204-19-037268,FY,2018
195935392,0001144204-19-037268,FY,2018
210179181,0001144204-19-037268,FY,2018
16690000000,0000080424-19-000050,FY,2019
17438000000,0000080424-19-000050,FY,2019
16462000000,0000080424-19-000050,FY,2019
17094000000,0000080424-19-000050,FY,2019
67684000000,0000080424-19-000050,FY,2019
16653000000,0000080424-19-000050,FY,2019
17395000000,0000080424-19-000050,FY,2019
16281000000,0000080424-19-000050,FY,2019
16503000000,0000080424-19-000050,FY,2019
6405000000,0000070866-19-000022,FY,2018
6516000000,0000070866-19-000022,FY,2018
6543000000,0000070866-19-000022,FY,2018
1517000000,0000070866-19-000022,FY,2018
1537000000,0000070866-19-000022,FY,2018
1550000000,0000070866-19-000022,FY,2018
1801000000,0000070866-19-000022,FY,2018
1478000000,0000070866-19-000022,FY,2018
1593000000,0000070866-19-000022,FY,2018
1663000000,0000070866-19-000022,FY,2018
1782000000,0000070866-19-000022,FY,2018
111786000,0001193125-19-214070,FY,2018
226381000,0001193125-19-214070,FY,2018
107512000,0001193125-19-214070,FY,2018
89912000,0001193125-19-214070,FY,2018
197424000,0001193125-19-214070,FY,2018
101979000,0001193125-19-214070,FY,2018
299403000,0001193125-19-214070,FY,2018
103277000,0001193125-19-214070,FY,2018
114595000,0001193125-19-214070,FY,2018
226381000,0001193125-19-214070,FY,2018
115994000,0001193125-19-214070,FY,2018
342375000,0001193125-19-214070,FY,2018
95309000,0001193125-19-214070,FY,2018
402680000,0001193125-19-214070,FY,2018
437684000,0001193125-19-214070,FY,2018
493054000,0001193125-19-214070,FY,2018
13240,0001674440-19-000010,FY,2019
0,0001674440-19-000010,FY,2019
66832000000,0000080424-19-000050,FY,2019
65058000000,0000080424-19-000050,FY,2019
1864222,0001477932-19-005213,FY,2018
1938322,0001477932-19-005213,FY,2018
NULL,0001483798-19-000125,FY,2016
NULL,0001483798-19-000125,FY,2016
NULL,0001483798-19-000104,FY,2014
NULL,0001483798-19-000104,FY,2014
1207909000,0001558370-19-008351,FY,2019
293143000,0001558370-19-008351,FY,2019
308211000,0001558370-19-008351,FY,2019
310070000,0001558370-19-008351,FY,2019
319787000,0001558370-19-008351,FY,2019
1231211000,0001558370-19-008351,FY,2019
284190000,0001558370-19-008351,FY,2019
316594000,0001558370-19-008351,FY,2019
308609000,0001558370-19-008351,FY,2019
330294000,0001558370-19-008351,FY,2019
1239687000,0001558370-19-008351,FY,2019
18898000,0001654954-19-010095,FY,2019
6970000,0001654954-19-010095,FY,2019
7923000,0001654954-19-010095,FY,2019
7393000,0001654954-19-010095,FY,2019
7269000,0001654954-19-010095,FY,2019
29555000,0001654954-19-010095,FY,2019
4740000,0001654954-19-010095,FY,2019
5911000,0001654954-19-010095,FY,2019
3163000,0001654954-19-010095,FY,2019
7242000,0001654954-19-010095,FY,2019
21056000,0001654954-19-010095,FY,2019
82946000,0001564590-19-033358,FY,2018
85952000,0001564590-19-033358,FY,2018
84034000,0001564590-19-033358,FY,2018
85295000,0001564590-19-033358,FY,2018
338227000,0001564590-19-033358,FY,2018
77945000,0001564590-19-033358,FY,2018
81571000,0001564590-19-033358,FY,2018
73185000,0001564590-19-033358,FY,2018
83425000,0001564590-19-033358,FY,2018
316126000,0001564590-19-033358,FY,2018
19753000,0001437749-19-017562,FY,2019
14063000,0001437749-19-017562,FY,2019
17512000,0001437749-19-017562,FY,2019
17121000,0001437749-19-017562,FY,2019
17495000,0001437749-19-017562,FY,2019
15704000,0001437749-19-017562,FY,2019
19471000,0001437749-19-017562,FY,2019
19783000,0001437749-19-017562,FY,2019
NULL,0001483798-19-000113,FY,2015
NULL,0001483798-19-000113,FY,2015
61495527,0001213900-19-016716,FY,2019
63936185,0001213900-19-016716,FY,2019
647885000,0001437749-19-017513,FY,2019
189142000,0001437749-19-017513,FY,2019
185694000,0001437749-19-017513,FY,2019
192147000,0001437749-19-017513,FY,2019
203469000,0001437749-19-017513,FY,2019
770452000,0001437749-19-017513,FY,2019
193080000,0001437749-19-017513,FY,2019
195522000,0001437749-19-017513,FY,2019
193771000,0001437749-19-017513,FY,2019
209206000,0001437749-19-017513,FY,2019
791579000,0001437749-19-017513,FY,2019
28306696,0000897101-19-000806,FY,2019
31299750,0000897101-19-000806,FY,2019
8407088,0001493152-19-013379,FY,2018
9261910,0001493152-19-013379,FY,2018
207023000,0001437749-19-017436,FY,2019
51818000,0001437749-19-017436,FY,2019
52124000,0001437749-19-017436,FY,2019
54834000,0001437749-19-017436,FY,2019
57552000,0001437749-19-017436,FY,2019
216328000,0001437749-19-017436,FY,2019
51901000,0001437749-19-017436,FY,2019
56532000,0001437749-19-017436,FY,2019
58498000,0001437749-19-017436,FY,2019
61091000,0001437749-19-017436,FY,2019
228022000,0001437749-19-017436,FY,2019
3346,0001376474-19-000225,FY,2019
2918,0001376474-19-000225,FY,2019
241874000,0001377789-19-000061,FY,2019
56182000,0001377789-19-000061,FY,2019
61723000,0001377789-19-000061,FY,2019
62093000,0001377789-19-000061,FY,2019
62508000,0001377789-19-000061,FY,2019
242506000,0001377789-19-000061,FY,2019
60504000,0001377789-19-000061,FY,2019
65088000,0001377789-19-000061,FY,2019
54037000,0001377789-19-000061,FY,2019
64229000,0001377789-19-000061,FY,2019
243858000,0001377789-19-000061,FY,2019
NULL,0001262463-19-000296,FY,2019
NULL,0001262463-19-000296,FY,2019
NULL,0001558891-19-000066,FY,2019
NULL,0001558891-19-000066,FY,2019
NULL,0001607062-19-000354,FY,2019
NULL,0001607062-19-000354,FY,2019
888670,0001213900-19-017066,FY,2018
10463135,0001213900-19-017066,FY,2018
393185,0001213900-19-017133,FY,2018
223783,0001213900-19-017133,FY,2018
0,0001078782-19-000697,FY,2018
0,0001078782-19-000697,FY,2018
3009824,0001721716-19-000063,FY,2018
3413392,0001721716-19-000063,FY,2018
910000000,0000896878-19-000132,FY,2019
1339000000,0000896878-19-000132,FY,2019
2912000000,0000896878-19-000132,FY,2019
864000000,0000896878-19-000132,FY,2019
6025000000,0000896878-19-000132,FY,2019
1016000000,0000896878-19-000132,FY,2019
1502000000,0000896878-19-000132,FY,2019
3272000000,0000896878-19-000132,FY,2019
994000000,0000896878-19-000132,FY,2019
6784000000,0000896878-19-000132,FY,2019
5196000000,0000896878-19-000132,FY,2019
9362459,0001654954-19-010129,FY,2019
8479855,0001654954-19-010129,FY,2019
2353331,0001683168-19-002785,FY,2019
6476442,0001683168-19-002785,FY,2019
46504,0001683168-19-002776,FY,2019
864779,0001683168-19-002776,FY,2019
0,0001185185-19-001214,FY,2019
8459048,0001185185-19-001214,FY,2019
106476,0001161697-19-000356,FY,2019
114671,0001161697-19-000356,FY,2019
NULL,0001483798-19-000141,FY,2018
NULL,0001483798-19-000141,FY,2018
NULL,0001483798-19-000133,FY,2017
NULL,0001483798-19-000133,FY,2017
NULL,0001493152-19-013507,FY,2019
NULL,0001493152-19-013507,FY,2019
NULL,0001493152-19-013507,FY,2019
NULL,0001493152-19-013507,FY,2019
64989995,0001213900-19-016899,FY,2019
63340028,0001213900-19-016899,FY,2019
2736000000,0001631825-19-000028,FY,2019
731200000,0001631825-19-000028,FY,2019
649300000,0001631825-19-000028,FY,2019
653400000,0001631825-19-000028,FY,2019
731300000,0001631825-19-000028,FY,2019
2765200000,0001631825-19-000028,FY,2019
749900000,0001631825-19-000028,FY,2019
767800000,0001631825-19-000028,FY,2019
705200000,0001631825-19-000028,FY,2019
803200000,0001631825-19-000028,FY,2019
3026100000,0001631825-19-000028,FY,2019
3404334,0001493152-19-013488,FY,2019
5564185,0001513162-19-000194,FY,2019
5200682,0001513162-19-000194,FY,2019
467797000,0000719733-19-000063,FY,2019
109217000,0000719733-19-000063,FY,2019
111725000,0000719733-19-000063,FY,2019
108352000,0000719733-19-000063,FY,2019
117028000,0000719733-19-000063,FY,2019
446322000,0000719733-19-000063,FY,2019
127472000,0000719733-19-000063,FY,2019
123037000,0000719733-19-000063,FY,2019
107954000,0000719733-19-000063,FY,2019
105581000,0000719733-19-000063,FY,2019
464044000,0000719733-19-000063,FY,2019
22036278,0001654954-19-010672,FY,2019
21169608,0001654954-19-010672,FY,2019
32525471,0001654954-19-010669,FY,2019
33749088,0001654954-19-010669,FY,2019
NULL,0001213900-19-017859,FY,2019
50000,0001213900-19-017859,FY,2019
54000,0001213900-19-017859,FY,2019
1606,0001165527-19-000156,FY,2019
100,0001165527-19-000156,FY,2019
349818,0001214659-19-005833,FY,2018
472052,0001214659-19-005833,FY,2018
45580000,0001683168-19-002888,FY,2019
46890000,0001683168-19-002888,FY,2019
22465000,0001553350-19-000942,FY,2019
27172000,0001553350-19-000942,FY,2019
6554939,0001213900-19-017723,FY,2019
9275386,0001213900-19-017723,FY,2019
NULL,0001493152-19-013918,FY,2018
NULL,0001493152-19-013918,FY,2018
100000,0001654954-19-010473,FY,2018
135000,0001654954-19-010473,FY,2018
35213,0001213900-19-017440,FY,2018
305403,0001213900-19-017440,FY,2018
2456033,0001731122-19-000540,FY,2018
2416726,0001731122-19-000540,FY,2018
7280723,0001213900-19-017267,FY,2019
8323845,0001213900-19-017267,FY,2019
12439132,0001213900-19-017267,FY,2019
8636126,0001213900-19-017267,FY,2019
36679826,0001213900-19-017267,FY,2019
9361164,0001213900-19-017267,FY,2019
10176453,0001213900-19-017267,FY,2019
9556590,0001213900-19-017267,FY,2019
9754284,0001213900-19-017267,FY,2019
38848491,0001213900-19-017267,FY,2019
525000,0001213900-19-017267,FY,2019
0,0001213900-19-017267,FY,2019
87466000,0001437749-19-018000,FY,2019
92305000,0001437749-19-018000,FY,2019
78843000,0001437749-19-018000,FY,2019
83409000,0001437749-19-018000,FY,2019
84957000,0001437749-19-018000,FY,2019
89541000,0001437749-19-018000,FY,2019
72832000,0001437749-19-018000,FY,2019
81522000,0001437749-19-018000,FY,2019
1113316000,0000746598-19-000128,FY,2019
290151000,0000746598-19-000128,FY,2019
287780000,0000746598-19-000128,FY,2019
298421000,0000746598-19-000128,FY,2019
297499000,0000746598-19-000128,FY,2019
1173851000,0000746598-19-000128,FY,2019
293196000,0000746598-19-000128,FY,2019
282426000,0000746598-19-000128,FY,2019
289745000,0000746598-19-000128,FY,2019
295278000,0000746598-19-000128,FY,2019
1160645000,0000746598-19-000128,FY,2019
85548,0001564590-19-034803,FY,2019
22260,0001564590-19-034803,FY,2019
236824,0001564590-19-034803,FY,2019
104521,0001564590-19-034803,FY,2019
79269,0001564590-19-034803,FY,2019
212746,0001564590-19-034803,FY,2019
3852,0001564590-19-034803,FY,2019
400388,0001564590-19-034803,FY,2019
344632,0001564590-19-034803,FY,2019
7606248000,0001591588-19-000024,FY,2019
4783157000,0001591588-19-000024,FY,2019
2717000,0001144204-19-044723,FY,2018
2966000,0001144204-19-044723,FY,2018
92000,0001144204-19-044723,FY,2018
83000,0001144204-19-044723,FY,2018
74000,0001144204-19-044723,FY,2018
198000,0001144204-19-044723,FY,2018
410000,0001144204-19-044723,FY,2018
76000,0001144204-19-044723,FY,2018
73000,0001144204-19-044723,FY,2018
63000,0001144204-19-044723,FY,2018
0,0001753391-19-000025,FY,2019
0,0001753391-19-000025,FY,2019
32517883,0001174947-19-001066,FY,2019
7496423,0001174947-19-001066,FY,2019
11531105,0001174947-19-001066,FY,2019
5663161,0001174947-19-001066,FY,2019
7827194,0001174947-19-001066,FY,2019
8337399,0001174947-19-001066,FY,2019
7303109,0001174947-19-001066,FY,2019
36477851,0001174947-19-001066,FY,2019
9218141,0001174947-19-001066,FY,2019
11619202,0001174947-19-001066,FY,2019
431943000,0001144204-19-045267,FY,2019
540768000,0001144204-19-045267,FY,2019
570341000,0001144204-19-045267,FY,2019
NULL,0001477932-19-005416,FY,2019
NULL,0001477932-19-005416,FY,2019
2423,0001477932-19-005429,FY,2018
227343,0001477932-19-005429,FY,2018
554351,0001477932-19-005429,FY,2018
44723827,0001654954-19-010679,FY,2019
26942,0001654954-19-010679,FY,2019
10612,0001654954-19-010679,FY,2019
8963,0001654954-19-010679,FY,2019
20618,0001654954-19-010679,FY,2019
67134758,0001654954-19-010679,FY,2019
35,0001654954-19-010679,FY,2019
0,0001654954-19-010679,FY,2019
0,0001654954-19-010679,FY,2019
60265,0001654954-19-010679,FY,2019
60300476,0001654954-19-010679,FY,2019
290491,0001654954-19-010721,FY,2019
885665,0001654954-19-010721,FY,2019
1579613,0001654954-19-010721,FY,2019
2305144,0001654954-19-010721,FY,2019
625300000,0000065011-19-000085,FY,2019
8537871,0001006655-19-000033,FY,2019
11066911,0001006655-19-000033,FY,2019
10249566,0001006655-19-000033,FY,2019
11426864,0001006655-19-000033,FY,2019
40773527,0001006655-19-000033,FY,2019
12307079,0001006655-19-000033,FY,2019
11048118,0001006655-19-000033,FY,2019
9501028,0001006655-19-000033,FY,2019
10373396,0001006655-19-000033,FY,2019
43229621,0001006655-19-000033,FY,2019
150007000,0001174947-19-001060,FY,2019
228318000,0001174947-19-001060,FY,2019
1208000,0001213900-19-017977,FY,2019
1443000,0001213900-19-017977,FY,2019
NULL,0001213900-19-017919,FY,2019
NULL,0001213900-19-017919,FY,2019
3620427,0001185185-19-001258,FY,2019
3590217,0001185185-19-001258,FY,2019
2672502,0001213900-19-018648,FY,2019
2859582,0001213900-19-018648,FY,2019
2315635,0001213900-19-018648,FY,2019
10476783,0001213900-19-018648,FY,2019
2371900,0001213900-19-018648,FY,2019
2598079,0001213900-19-018648,FY,2019
2327880,0001213900-19-018648,FY,2019
10919785,0001213900-19-018648,FY,2019
NULL,0001553350-19-000976,FY,2019
NULL,0001553350-19-000976,FY,2019
0,0001741257-19-000010,FY,2019
0,0001741257-19-000010,FY,2019
42361000,0001654954-19-011016,FY,2019
39198000,0001654954-19-011016,FY,2019
6740000,0001654954-19-010917,FY,2019
7189000,0001654954-19-010917,FY,2019
7303000,0001654954-19-010917,FY,2019
9732000,0001654954-19-010917,FY,2019
30964000,0001654954-19-010917,FY,2019
9093000,0001654954-19-010917,FY,2019
9239000,0001654954-19-010917,FY,2019
9649000,0001654954-19-010917,FY,2019
9284000,0001654954-19-010917,FY,2019
37265000,0001654954-19-010917,FY,2019
64414910,0001654954-19-011076,FY,2019
62565117,0001654954-19-011076,FY,2019
629969,0001477932-19-005520,FY,2018
79665,0001477932-19-005520,FY,2018
NULL,0001553350-19-000992,FY,2019
NULL,0001553350-19-000992,FY,2019
1128245,0001477932-19-005506,FY,2019
1789823,0001477932-19-005506,FY,2019
1799509000,0001193125-19-256047,FY,2019
2447430000,0001193125-19-256047,FY,2019
3096491000,0001193125-19-256047,FY,2019
4038048,0001683168-19-003062,FY,2019
6804169,0001683168-19-003062,FY,2019
NULL,0001213900-19-019134,FY,2019
NULL,0001213900-19-019134,FY,2019
1562000,0001437749-19-019176,FY,2019
1904000,0001437749-19-019176,FY,2019
1924000,0001437749-19-019176,FY,2019
1924000,0001437749-19-019176,FY,2019
1211000,0001437749-19-019176,FY,2019
1536000,0001437749-19-019176,FY,2019
1573000,0001437749-19-019176,FY,2019
1603000,0001437749-19-019176,FY,2019
NULL,0001520138-19-000336,FY,2019
NULL,0001520138-19-000336,FY,2019
NULL,0001477932-19-005535,FY,2019
NULL,0001477932-19-005535,FY,2019
1870164,0001477932-19-005555,FY,2018
1719168,0001477932-19-005555,FY,2018
3660120,0001654954-19-011147,FY,2019
7320357,0001654954-19-011147,FY,2019
0,0001553350-19-001013,FY,2019
0,0001553350-19-001013,FY,2019
0,0001553350-19-001013,FY,2019
31220040,0001213900-19-019170,FY,2019
43897618,0001213900-19-019170,FY,2019
23064563,0001213900-19-019293,FY,2019
41771047,0001213900-19-019293,FY,2019
6422807,0001214659-19-006106,FY,2019
12348492,0001214659-19-006106,FY,2019
30065833,0001683168-19-003101,FY,2019
36468900,0001683168-19-003101,FY,2019
78036586,0000355019-19-000036,FY,2019
81515994,0000355019-19-000036,FY,2019
87192887,0000355019-19-000036,FY,2019
4020274,0001437749-19-019252,FY,2019
4191188,0001437749-19-019252,FY,2019
5917,0001640334-19-001944,FY,2019
NULL,0001640334-19-001944,FY,2019
306407,0001477932-19-005609,FY,2019
279143,0001477932-19-005609,FY,2019
104039,0001213900-19-019314,FY,2019
161781,0001213900-19-019314,FY,2019
0,0001445866-19-001184,FY,2019
0,0001445866-19-001184,FY,2019
51534,0001640334-19-001932,FY,2019
NULL,0001640334-19-001932,FY,2019
NULL,0001477932-19-005611,FY,2019
NULL,0001477932-19-005611,FY,2019
NULL,0001213900-19-019234,FY,2019
NULL,0001213900-19-019234,FY,2019
16624336,0001091818-19-000239,FY,2019
43493589,0001091818-19-000239,FY,2019
105638,0001640334-19-001929,FY,2019
49997,0001640334-19-001929,FY,2019
509533000,0001528396-19-000032,FY,2019
652849000,0001528396-19-000032,FY,2019
719514000,0001528396-19-000032,FY,2019
NULL,0001213900-19-019309,FY,2019
NULL,0001213900-19-019309,FY,2019
419168000,0000900075-19-000022,FY,2019
459106000,0000900075-19-000022,FY,2019
478198000,0000900075-19-000022,FY,2019
449223000,0000900075-19-000022,FY,2019
461368000,0000900075-19-000022,FY,2019
484898000,0000900075-19-000022,FY,2019
553116000,0000900075-19-000022,FY,2019
542575000,0000900075-19-000022,FY,2019
NULL,0001731122-19-000575,FY,2019
NULL,0001731122-19-000575,FY,2019
28710589,0001437749-19-019251,FY,2019
26948623,0001437749-19-019251,FY,2019
NULL,0001213900-19-019289,FY,2019
NULL,0001213900-19-019289,FY,2019
14920,0001213900-19-019289,FY,2019
3590217,0001213900-19-016094,FY,2019
4278729,0001213900-19-016094,FY,2019
2757229,0001213900-19-016094,FY,2019
224920,0001213900-19-015953,FY,2019
121618,0001213900-19-015953,FY,2019
923158,0001213900-19-015953,FY,2019
5172688,0001213900-19-016065,FY,2019
5967896,0001213900-19-016065,FY,2019
5358023,0001213900-19-016065,FY,2019
18952000,0001079973-19-000480,FY,2019
11523000,0001079973-19-000480,FY,2019
9992000,0001079973-19-000480,FY,2019
4881523,0001213900-19-016026,FY,2019
7019243,0001213900-19-016026,FY,2019
7012026,0001213900-19-016026,FY,2019
0,0001654954-19-009689,FY,2020
0,0001654954-19-009689,FY,2020
0,0001654954-19-009689,FY,2020
0,0001654954-19-009689,FY,2020
0,0001654954-19-009689,FY,2020
0,0001654954-19-009689,FY,2020
467548000,0001628280-19-010867,FY,2018
183899000,0001628280-19-010867,FY,2018
184456000,0001628280-19-010867,FY,2018
182798000,0001628280-19-010867,FY,2018
214542000,0001628280-19-010867,FY,2018
765695000,0001628280-19-010867,FY,2018
